0,-4000.000000,-400.000000,0.000000,4.000000,4.000000,4.000000,0.000000,0.000000,0.000000,0
0,-3600.000000,-400.000000,0.000000,4.000000,4.000000,4.000000,0.000000,0.000000,0.000000,0
0,-3200.000000,-400.000000,0.000000,4.000000,4.000000,4.000000,0.000000,0.000000,0.000000,0
0,-2800.000000,-400.000000,0.000000,4.000000,4.000000,4.000000,0.000000,0.000000,0.000000,0
0,-2400.000000,-400.000000,0.000000,4.000000,4.000000,4.000000,0.000000,0.000000,0.000000,0
0,-2000.000000,-400.000000,0.000000,4.000000,4.000000,4.000000,0.000000,0.000000,0.000000,0
0,-1600.000000,-400.000000,0.000000,4.000000,4.000000,4.000000,0.000000,0.000000,0.000000,0
0,-1200.000000,-400.000000,0.000000,4.000000,4.000000,4.000000,0.000000,0.000000,0.000000,0
0,-800.000000,-400.000000,0.000000,4.000000,4.000000,4.000000,0.000000,0.000000,0.000000,0
0,-400.000000,-400.000000,0.000000,4.000000,4.000000,4.000000,0.000000,0.000000,0.000000,0
0,-4000.000000,0.000000,0.000000,4.000000,4.000000,4.000000,0.000000,0.000000,0.000000,0
0,-4000.000000,400.000000,0.000000,4.000000,4.000000,4.000000,0.000000,0.000000,0.000000,0
0,-4000.000000,800.000000,0.000000,4.000000,4.000000,4.000000,0.000000,0.000000,0.000000,0
0,-4000.000000,1200.000000,0.000000,4.000000,4.000000,4.000000,0.000000,0.000000,0.000000,0
0,-3600.000000,1200.000000,0.000000,4.000000,4.000000,4.000000,0.000000,0.000000,0.000000,0
0,-3200.000000,1200.000000,0.000000,4.000000,4.000000,4.000000,0.000000,0.000000,0.000000,0
0,-1200.000000,2000.000000,0.000000,4.000000,4.000000,4.000000,0.000000,0.000000,0.000000,0
0,0.000000,0.000000,0.000000,4.000000,4.000000,4.000000,0.000000,0.000000,0.000000,0
0,0.000000,-400.000000,0.000000,4.000000,4.000000,4.000000,0.000000,0.000000,0.000000,0
0,400.000000,0.000000,0.000000,4.000000,4.000000,4.000000,0.000000,0.000000,0.000000,0
0,800.000000,0.000000,0.000000,4.000000,4.000000,4.000000,0.000000,0.000000,0.000000,0
0,1200.000000,0.000000,0.000000,4.000000,4.000000,4.000000,0.000000,0.000000,0.000000,0
0,2000.000000,400.000000,0.000000,4.000000,4.000000,4.000000,0.000000,0.000000,0.000000,0
0,2000.000000,800.000000,0.000000,4.000000,4.000000,4.000000,0.000000,0.000000,0.000000,0
0,400.000000,2400.000000,0.000000,4.000000,4.000000,4.000000,0.000000,0.000000,0.000000,0
0,800.000000,2400.000000,0.000000,4.000000,4.000000,4.000000,0.000000,0.000000,0.000000,0
0,1200.000000,2400.000000,0.000000,4.000000,4.000000,4.000000,0.000000,0.000000,0.000000,0
0,1600.000000,2400.000000,0.000000,4.000000,4.000000,4.000000,0.000000,0.000000,0.000000,0
0,2000.000000,2400.000000,0.000000,4.000000,4.000000,4.000000,0.000000,0.000000,0.000000,0
0,2400.000000,2400.000000,0.000000,4.000000,4.000000,4.000000,0.000000,0.000000,0.000000,0
0,2800.000000,2400.000000,0.000000,4.000000,4.000000,4.000000,0.000000,0.000000,0.000000,0
0,3200.000000,2400.000000,0.000000,4.000000,4.000000,4.000000,0.000000,0.000000,0.000000,0
0,3600.000000,2400.000000,0.000000,4.000000,4.000000,4.000000,0.000000,0.000000,0.000000,0
0,4000.000000,2400.000000,0.000000,4.000000,4.000000,4.000000,0.000000,0.000000,0.000000,0
0,1600.000000,400.000000,0.000000,4.000000,4.000000,4.000000,0.000000,0.000000,0.000000,0
0,1200.000000,400.000000,0.000000,4.000000,4.000000,4.000000,0.000000,0.000000,0.000000,0
0,2000.000000,-2000.000000,0.000000,4.000000,4.000000,4.000000,0.000000,0.000000,0.000000,0
0,2000.000000,-2400.000000,0.000000,4.000000,4.000000,4.000000,0.000000,0.000000,0.000000,0
0,2000.000000,-4000.000000,0.000000,4.000000,4.000000,4.000000,0.000000,0.000000,0.000000,0
0,2000.000000,-4400.000000,0.000000,4.000000,4.000000,4.000000,0.000000,0.000000,0.000000,0
0,2000.000000,-4800.000000,0.000000,4.000000,4.000000,4.000000,0.000000,0.000000,0.000000,0
0,2000.000000,-5200.000000,0.000000,4.000000,4.000000,4.000000,0.000000,0.000000,0.000000,0
0,2000.000000,-5600.000000,0.000000,4.000000,4.000000,4.000000,0.000000,0.000000,0.000000,0
0,2000.000000,-6000.000000,0.000000,4.000000,4.000000,4.000000,0.000000,0.000000,0.000000,0
0,2000.000000,-6400.000000,0.000000,4.000000,4.000000,4.000000,0.000000,0.000000,0.000000,0
0,10000.000000,-3600.000000,0.000000,4.000000,4.000000,4.000000,0.000000,0.000000,0.000000,0
0,10400.000000,-3600.000000,0.000000,4.000000,4.000000,4.000000,0.000000,0.000000,0.000000,0
0,10800.000000,-3600.000000,0.000000,4.000000,4.000000,4.000000,0.000000,0.000000,0.000000,0
0,11200.000000,-3600.000000,0.000000,4.000000,4.000000,4.000000,0.000000,0.000000,0.000000,0
0,11200.000000,-1200.000000,0.000000,4.000000,4.000000,4.000000,0.000000,0.000000,0.000000,0
0,10800.000000,-1200.000000,0.000000,4.000000,4.000000,4.000000,0.000000,0.000000,0.000000,0
0,10400.000000,-1200.000000,0.000000,4.000000,4.000000,4.000000,0.000000,0.000000,0.000000,0
0,10000.000000,-1200.000000,0.000000,4.000000,4.000000,4.000000,0.000000,0.000000,0.000000,0
0,9600.000000,-1200.000000,0.000000,4.000000,4.000000,4.000000,0.000000,0.000000,0.000000,0
0,9200.000000,-1200.000000,0.000000,4.000000,4.000000,4.000000,0.000000,0.000000,0.000000,0
0,8800.000000,-1200.000000,0.000000,4.000000,4.000000,4.000000,0.000000,0.000000,0.000000,0
0,8000.000000,-2000.000000,0.000000,4.000000,4.000000,4.000000,0.000000,0.000000,0.000000,0
0,8000.000000,-1600.000000,0.000000,4.000000,4.000000,4.000000,0.000000,0.000000,0.000000,0
0,8000.000000,-1200.000000,0.000000,4.000000,4.000000,4.000000,0.000000,0.000000,0.000000,0
0,8400.000000,-1200.000000,0.000000,4.000000,4.000000,4.000000,0.000000,0.000000,0.000000,0
0,11600.000000,-3600.000000,0.000000,4.000000,4.000000,4.000000,0.000000,0.000000,0.000000,0
0,12000.000000,-3600.000000,0.000000,4.000000,4.000000,4.000000,0.000000,0.000000,0.000000,0
0,14000.000000,-3600.000000,0.000000,4.000000,4.000000,4.000000,0.000000,0.000000,0.000000,0
0,14000.000000,-3200.000000,0.000000,4.000000,4.000000,4.000000,0.000000,0.000000,0.000000,0
0,14000.000000,-2800.000000,0.000000,4.000000,4.000000,4.000000,0.000000,0.000000,0.000000,0
0,14000.000000,-2400.000000,0.000000,4.000000,4.000000,4.000000,0.000000,0.000000,0.000000,0
0,14000.000000,-2000.000000,0.000000,4.000000,4.000000,4.000000,0.000000,0.000000,0.000000,0
0,14000.000000,-1600.000000,0.000000,4.000000,4.000000,4.000000,0.000000,0.000000,0.000000,0
0,14000.000000,-1200.000000,0.000000,4.000000,4.000000,4.000000,0.000000,0.000000,0.000000,0
0,13600.000000,-1200.000000,0.000000,4.000000,4.000000,4.000000,0.000000,0.000000,0.000000,0
0,13200.000000,-1200.000000,0.000000,4.000000,4.000000,4.000000,0.000000,0.000000,0.000000,0
0,12800.000000,-1200.000000,0.000000,4.000000,4.000000,4.000000,0.000000,0.000000,0.000000,0
0,12400.000000,-1200.000000,0.000000,4.000000,4.000000,4.000000,0.000000,0.000000,0.000000,0
0,12000.000000,-1200.000000,0.000000,4.000000,4.000000,4.000000,0.000000,0.000000,0.000000,0
0,11600.000000,-1200.000000,0.000000,4.000000,4.000000,4.000000,0.000000,0.000000,0.000000,0
0,12000.000000,-4000.000000,0.000000,4.000000,4.000000,4.000000,0.000000,0.000000,0.000000,0
0,12000.000000,-4400.000000,0.000000,4.000000,4.000000,4.000000,0.000000,0.000000,0.000000,0
0,12000.000000,-4800.000000,0.000000,4.000000,4.000000,4.000000,0.000000,0.000000,0.000000,0
0,14000.000000,-4000.000000,0.000000,4.000000,4.000000,4.000000,0.000000,0.000000,0.000000,0
0,14000.000000,-4400.000000,0.000000,4.000000,4.000000,4.000000,0.000000,0.000000,0.000000,0
0,14000.000000,-4800.000000,0.000000,4.000000,4.000000,4.000000,0.000000,0.000000,0.000000,0
0,14000.000000,-5200.000000,0.000000,4.000000,4.000000,4.000000,0.000000,0.000000,0.000000,0
0,12000.000000,-5200.000000,0.000000,4.000000,4.000000,4.000000,0.000000,0.000000,0.000000,0
0,12400.000000,-7200.000000,0.000000,4.000000,4.000000,4.000000,0.000000,0.000000,0.000000,0
0,12800.000000,-7200.000000,0.000000,4.000000,4.000000,4.000000,0.000000,0.000000,0.000000,0
0,13200.000000,-7200.000000,0.000000,4.000000,4.000000,4.000000,0.000000,0.000000,0.000000,0
0,13600.000000,-7200.000000,0.000000,4.000000,4.000000,4.000000,0.000000,0.000000,0.000000,0
0,14000.000000,-7200.000000,0.000000,4.000000,4.000000,4.000000,0.000000,0.000000,0.000000,0
0,14000.000000,-6800.000000,0.000000,4.000000,4.000000,4.000000,0.000000,0.000000,0.000000,0
0,14000.000000,-6400.000000,0.000000,4.000000,4.000000,4.000000,0.000000,0.000000,0.000000,0
0,14000.000000,-6000.000000,0.000000,4.000000,4.000000,4.000000,0.000000,0.000000,0.000000,0
0,14000.000000,-5600.000000,0.000000,4.000000,4.000000,4.000000,0.000000,0.000000,0.000000,0
0,8000.000000,-2400.000000,0.000000,4.000000,4.000000,4.000000,0.000000,0.000000,0.000000,0
0,8000.000000,-2800.000000,0.000000,4.000000,4.000000,4.000000,0.000000,0.000000,0.000000,0
0,8000.000000,-3200.000000,0.000000,4.000000,4.000000,4.000000,0.000000,0.000000,0.000000,0
0,8000.000000,-3600.000000,0.000000,4.000000,4.000000,4.000000,0.000000,0.000000,0.000000,0
0,9600.000000,-6400.000000,0.000000,4.000000,4.000000,4.000000,0.000000,0.000000,0.000000,0
0,10000.000000,-6400.000000,0.000000,4.000000,4.000000,4.000000,0.000000,0.000000,0.000000,0
0,10000.000000,-4000.000000,0.000000,4.000000,4.000000,4.000000,0.000000,0.000000,0.000000,0
0,10000.000000,-4400.000000,0.000000,4.000000,4.000000,4.000000,0.000000,0.000000,0.000000,0
0,10000.000000,-4800.000000,0.000000,4.000000,4.000000,4.000000,0.000000,0.000000,0.000000,0
0,8000.000000,-4000.000000,0.000000,4.000000,4.000000,4.000000,0.000000,0.000000,0.000000,0
0,8000.000000,-4400.000000,0.000000,4.000000,4.000000,4.000000,0.000000,0.000000,0.000000,0
0,9200.000000,-6400.000000,0.000000,4.000000,4.000000,4.000000,0.000000,0.000000,0.000000,0
0,8800.000000,-6400.000000,0.000000,4.000000,4.000000,4.000000,0.000000,0.000000,0.000000,0
0,4800.000000,-4400.000000,0.000000,4.000000,4.000000,4.000000,0.000000,0.000000,0.000000,0
0,5200.000000,-4400.000000,0.000000,4.000000,4.000000,4.000000,0.000000,0.000000,0.000000,0
0,5600.000000,-4400.000000,0.000000,4.000000,4.000000,4.000000,0.000000,0.000000,0.000000,0
0,6000.000000,-4400.000000,0.000000,4.000000,4.000000,4.000000,0.000000,0.000000,0.000000,0
0,6400.000000,-4400.000000,0.000000,4.000000,4.000000,4.000000,0.000000,0.000000,0.000000,0
0,6800.000000,-4400.000000,0.000000,4.000000,4.000000,4.000000,0.000000,0.000000,0.000000,0
0,7200.000000,-4400.000000,0.000000,4.000000,4.000000,4.000000,0.000000,0.000000,0.000000,0
0,7600.000000,-4400.000000,0.000000,4.000000,4.000000,4.000000,0.000000,0.000000,0.000000,0
0,8400.000000,-6400.000000,0.000000,4.000000,4.000000,4.000000,0.000000,0.000000,0.000000,0
0,12400.000000,-7600.000000,0.000000,4.000000,4.000000,4.000000,0.000000,0.000000,0.000000,0
0,12400.000000,-8000.000000,0.000000,4.000000,4.000000,4.000000,0.000000,0.000000,0.000000,0
0,12400.000000,-8400.000000,0.000000,4.000000,4.000000,4.000000,0.000000,0.000000,0.000000,0
0,12400.000000,-8800.000000,0.000000,4.000000,4.000000,4.000000,0.000000,0.000000,0.000000,0
0,12400.000000,-9200.000000,0.000000,4.000000,4.000000,4.000000,0.000000,0.000000,0.000000,0
0,12000.000000,-9200.000000,0.000000,4.000000,4.000000,4.000000,0.000000,0.000000,0.000000,0
0,11600.000000,-9200.000000,0.000000,4.000000,4.000000,4.000000,0.000000,0.000000,0.000000,0
0,11200.000000,-9200.000000,0.000000,4.000000,4.000000,4.000000,0.000000,0.000000,0.000000,0
0,10800.000000,-9200.000000,0.000000,4.000000,4.000000,4.000000,0.000000,0.000000,0.000000,0
0,10400.000000,-9200.000000,0.000000,4.000000,4.000000,4.000000,0.000000,0.000000,0.000000,0
0,10000.000000,-9200.000000,0.000000,4.000000,4.000000,4.000000,0.000000,0.000000,0.000000,0
0,9600.000000,-9200.000000,0.000000,4.000000,4.000000,4.000000,0.000000,0.000000,0.000000,0
0,9200.000000,-9200.000000,0.000000,4.000000,4.000000,4.000000,0.000000,0.000000,0.000000,0
0,8800.000000,-9200.000000,0.000000,4.000000,4.000000,4.000000,0.000000,0.000000,0.000000,0
0,8400.000000,-9200.000000,0.000000,4.000000,4.000000,4.000000,0.000000,0.000000,0.000000,0
0,8000.000000,-9200.000000,0.000000,4.000000,4.000000,4.000000,0.000000,0.000000,0.000000,0
0,7600.000000,-9200.000000,0.000000,4.000000,4.000000,4.000000,0.000000,0.000000,0.000000,0
0,7600.000000,-8800.000000,0.000000,4.000000,4.000000,4.000000,0.000000,0.000000,0.000000,0
0,2000.000000,-7600.000000,0.000000,4.000000,4.000000,4.000000,0.000000,0.000000,0.000000,0
0,2000.000000,-8000.000000,0.000000,4.000000,4.000000,4.000000,0.000000,0.000000,0.000000,0
0,2000.000000,-8400.000000,0.000000,4.000000,4.000000,4.000000,0.000000,0.000000,0.000000,0
7,5600.000000,-6400.000000,0.000000,4.000000,4.000000,4.000000,0.000000,0.000000,0.000000,0
7,6000.000000,-6400.000000,0.000000,4.000000,4.000000,4.000000,0.000000,0.000000,0.000000,0
7,6400.000000,-6400.000000,0.000000,4.000000,4.000000,4.000000,0.000000,0.000000,0.000000,0
7,6800.000000,-6400.000000,0.000000,4.000000,4.000000,4.000000,0.000000,0.000000,0.000000,0
7,7200.000000,-6400.000000,0.000000,4.000000,4.000000,4.000000,0.000000,0.000000,0.000000,0
7,7600.000000,-6400.000000,0.000000,4.000000,4.000000,4.000000,0.000000,0.000000,0.000000,0
7,8000.000000,-6400.000000,0.000000,4.000000,4.000000,4.000000,0.000000,0.000000,0.000000,0
0,4400.000000,-6800.000000,0.000000,4.000000,4.000000,4.000000,0.000000,0.000000,0.000000,0
0,4800.000000,-6800.000000,0.000000,4.000000,4.000000,4.000000,0.000000,0.000000,0.000000,0
0,5200.000000,-6800.000000,0.000000,4.000000,4.000000,4.000000,0.000000,0.000000,0.000000,0
0,5600.000000,-6800.000000,0.000000,4.000000,4.000000,4.000000,0.000000,0.000000,0.000000,0
0,6000.000000,-6800.000000,0.000000,4.000000,4.000000,4.000000,0.000000,0.000000,0.000000,0
0,6400.000000,-6800.000000,0.000000,4.000000,4.000000,4.000000,0.000000,0.000000,0.000000,0
0,6800.000000,-6800.000000,0.000000,4.000000,4.000000,4.000000,0.000000,0.000000,0.000000,0
0,7200.000000,-6800.000000,0.000000,4.000000,4.000000,4.000000,0.000000,0.000000,0.000000,0
0,7600.000000,-6800.000000,0.000000,4.000000,4.000000,4.000000,0.000000,0.000000,0.000000,0
0,8000.000000,-6800.000000,0.000000,4.000000,4.000000,4.000000,0.000000,0.000000,0.000000,0
0,7200.000000,-8800.000000,0.000000,4.000000,4.000000,4.000000,0.000000,0.000000,0.000000,0
0,6800.000000,-8800.000000,0.000000,4.000000,4.000000,4.000000,0.000000,0.000000,0.000000,0
0,6400.000000,-8800.000000,0.000000,4.000000,4.000000,4.000000,0.000000,0.000000,0.000000,0
0,6000.000000,-8800.000000,0.000000,4.000000,4.000000,4.000000,0.000000,0.000000,0.000000,0
0,5600.000000,-8800.000000,0.000000,4.000000,4.000000,4.000000,0.000000,0.000000,0.000000,0
0,5200.000000,-8800.000000,0.000000,4.000000,4.000000,4.000000,0.000000,0.000000,0.000000,0
0,4800.000000,-8800.000000,0.000000,4.000000,4.000000,4.000000,0.000000,0.000000,0.000000,0
0,4400.000000,-8800.000000,0.000000,4.000000,4.000000,4.000000,0.000000,0.000000,0.000000,0
0,4000.000000,-8800.000000,0.000000,4.000000,4.000000,4.000000,0.000000,0.000000,0.000000,0
0,3600.000000,-8800.000000,0.000000,4.000000,4.000000,4.000000,0.000000,0.000000,0.000000,0
0,3200.000000,-8800.000000,0.000000,4.000000,4.000000,4.000000,0.000000,0.000000,0.000000,0
0,2800.000000,-8800.000000,0.000000,4.000000,4.000000,4.000000,0.000000,0.000000,0.000000,0
0,2400.000000,-8800.000000,0.000000,4.000000,4.000000,4.000000,0.000000,0.000000,0.000000,0
0,2000.000000,-8800.000000,0.000000,4.000000,4.000000,4.000000,0.000000,0.000000,0.000000,0
11,4800.000000,-6000.000000,0.000000,4.000000,4.000000,4.000000,0.000000,0.000000,0.000000,0
11,5200.000000,-6000.000000,0.000000,4.000000,4.000000,4.000000,0.000000,0.000000,0.000000,0
11,7200.000000,-6000.000000,0.000000,4.000000,4.000000,4.000000,0.000000,0.000000,0.000000,0
11,7600.000000,-6000.000000,0.000000,4.000000,4.000000,4.000000,0.000000,0.000000,0.000000,0
11,8000.000000,-6000.000000,0.000000,4.000000,4.000000,4.000000,0.000000,0.000000,0.000000,0
0,10000.000000,-5600.000000,0.000000,4.000000,4.000000,4.000000,0.000000,0.000000,0.000000,0
0,10000.000000,-5200.000000,0.000000,4.000000,4.000000,4.000000,0.000000,0.000000,0.000000,0
0,10000.000000,-6000.000000,0.000000,4.000000,4.000000,4.000000,0.000000,0.000000,0.000000,0
4,7600.000000,-5600.000000,0.000000,3.000000,3.000000,3.000000,0.000000,0.000000,0.000000,0
4,5200.000000,-5600.000000,0.000000,3.000000,3.000000,3.000000,0.000000,0.000000,0.000000,0
11,8800.000000,-5600.000000,0.000000,4.000000,4.000000,4.000000,0.000000,0.000000,0.785398,0
11,9200.000000,-4800.000000,0.000000,4.000000,4.000000,4.000000,0.000000,0.000000,1.570796,0
11,9200.000000,-4400.000000,0.000000,4.000000,4.000000,4.000000,0.000000,0.000000,1.570796,0
11,9200.000000,-4000.000000,0.000000,4.000000,4.000000,4.000000,0.000000,0.000000,1.570796,0
11,9200.000000,-3600.000000,0.000000,4.000000,4.000000,4.000000,0.000000,0.000000,1.570796,0
11,9600.000000,-3200.000000,0.000000,4.000000,4.000000,4.000000,0.000000,0.000000,0.000000,0
0,-4000.000000,0.000000,400.000000,4.000000,4.000000,4.000000,0.000000,0.000000,0.000000,0
0,-4000.000000,400.000000,400.000000,4.000000,4.000000,4.000000,0.000000,0.000000,0.000000,0
0,-4000.000000,800.000000,400.000000,4.000000,4.000000,4.000000,0.000000,0.000000,0.000000,0
0,-4000.000000,1200.000000,400.000000,4.000000,4.000000,4.000000,0.000000,0.000000,0.000000,0
0,-3600.000000,1200.000000,400.000000,4.000000,4.000000,4.000000,0.000000,0.000000,0.000000,0
0,-3200.000000,1200.000000,400.000000,4.000000,4.000000,4.000000,0.000000,0.000000,0.000000,0
0,-2800.000000,1200.000000,400.000000,4.000000,4.000000,4.000000,0.000000,0.000000,0.000000,0
0,-2400.000000,1200.000000,400.000000,4.000000,4.000000,4.000000,0.000000,0.000000,0.000000,0
0,-2000.000000,1200.000000,400.000000,4.000000,4.000000,4.000000,0.000000,0.000000,0.000000,0
0,-1600.000000,1200.000000,400.000000,4.000000,4.000000,4.000000,0.000000,0.000000,0.000000,0
0,-1600.000000,1600.000000,400.000000,4.000000,4.000000,4.000000,0.000000,0.000000,0.000000,0
0,-1600.000000,2000.000000,400.000000,4.000000,4.000000,4.000000,0.000000,0.000000,0.000000,0
0,-1200.000000,2000.000000,400.000000,4.000000,4.000000,4.000000,0.000000,0.000000,0.000000,0
0,-800.000000,2000.000000,400.000000,4.000000,4.000000,4.000000,0.000000,0.000000,0.000000,0
0,-400.000000,2000.000000,400.000000,4.000000,4.000000,4.000000,0.000000,0.000000,0.000000,0
0,0.000000,2000.000000,400.000000,4.000000,4.000000,4.000000,0.000000,0.000000,0.000000,0
0,400.000000,2000.000000,400.000000,4.000000,4.000000,4.000000,0.000000,0.000000,0.000000,0
0,400.000000,2400.000000,400.000000,4.000000,4.000000,4.000000,0.000000,0.000000,0.000000,0
0,800.000000,2400.000000,400.000000,4.000000,4.000000,4.000000,0.000000,0.000000,0.000000,0
0,1200.000000,2400.000000,400.000000,4.000000,4.000000,4.000000,0.000000,0.000000,0.000000,0
0,1600.000000,2400.000000,400.000000,4.000000,4.000000,4.000000,0.000000,0.000000,0.000000,0
0,2000.000000,2400.000000,400.000000,4.000000,4.000000,4.000000,0.000000,0.000000,0.000000,0
0,2400.000000,2400.000000,400.000000,4.000000,4.000000,4.000000,0.000000,0.000000,0.000000,0
0,2800.000000,2400.000000,400.000000,4.000000,4.000000,4.000000,0.000000,0.000000,0.000000,0
0,3200.000000,2400.000000,400.000000,4.000000,4.000000,4.000000,0.000000,0.000000,0.000000,0
0,3600.000000,2400.000000,400.000000,4.000000,4.000000,4.000000,0.000000,0.000000,0.000000,0
0,4000.000000,2400.000000,400.000000,4.000000,4.000000,4.000000,0.000000,0.000000,0.000000,0
0,4400.000000,2400.000000,400.000000,4.000000,4.000000,4.000000,0.000000,0.000000,0.000000,0
0,4800.000000,-4400.000000,400.000000,4.000000,4.000000,4.000000,0.000000,0.000000,0.000000,0
0,5200.000000,-4400.000000,400.000000,4.000000,4.000000,4.000000,0.000000,0.000000,0.000000,0
0,5600.000000,-4400.000000,400.000000,4.000000,4.000000,4.000000,0.000000,0.000000,0.000000,0
0,6000.000000,-4400.000000,400.000000,4.000000,4.000000,4.000000,0.000000,0.000000,0.000000,0
0,6400.000000,-4400.000000,400.000000,4.000000,4.000000,4.000000,0.000000,0.000000,0.000000,0
0,6800.000000,-4400.000000,400.000000,4.000000,4.000000,4.000000,0.000000,0.000000,0.000000,0
0,7200.000000,-4400.000000,400.000000,4.000000,4.000000,4.000000,0.000000,0.000000,0.000000,0
0,7600.000000,-4400.000000,400.000000,4.000000,4.000000,4.000000,0.000000,0.000000,0.000000,0
0,8000.000000,-4400.000000,400.000000,4.000000,4.000000,4.000000,0.000000,0.000000,0.000000,0
0,8000.000000,-4000.000000,400.000000,4.000000,4.000000,4.000000,0.000000,0.000000,0.000000,0
0,8000.000000,-3600.000000,400.000000,4.000000,4.000000,4.000000,0.000000,0.000000,0.000000,0
0,8000.000000,-3200.000000,400.000000,4.000000,4.000000,4.000000,0.000000,0.000000,0.000000,0
0,8000.000000,-2800.000000,400.000000,4.000000,4.000000,4.000000,0.000000,0.000000,0.000000,0
0,8000.000000,-2400.000000,400.000000,4.000000,4.000000,4.000000,0.000000,0.000000,0.000000,0
0,8000.000000,-2000.000000,400.000000,4.000000,4.000000,4.000000,0.000000,0.000000,0.000000,0
0,8000.000000,-1600.000000,400.000000,4.000000,4.000000,4.000000,0.000000,0.000000,0.000000,0
0,8000.000000,-1200.000000,400.000000,4.000000,4.000000,4.000000,0.000000,0.000000,0.000000,0
0,8400.000000,-1200.000000,400.000000,4.000000,4.000000,4.000000,0.000000,0.000000,0.000000,0
0,8800.000000,-1200.000000,400.000000,4.000000,4.000000,4.000000,0.000000,0.000000,0.000000,0
0,9200.000000,-1200.000000,400.000000,4.000000,4.000000,4.000000,0.000000,0.000000,0.000000,0
0,9600.000000,-1200.000000,400.000000,4.000000,4.000000,4.000000,0.000000,0.000000,0.000000,0
0,10000.000000,-1200.000000,400.000000,4.000000,4.000000,4.000000,0.000000,0.000000,0.000000,0
0,10400.000000,-1200.000000,400.000000,4.000000,4.000000,4.000000,0.000000,0.000000,0.000000,0
0,10800.000000,-1200.000000,400.000000,4.000000,4.000000,4.000000,0.000000,0.000000,0.000000,0
0,11200.000000,-1200.000000,400.000000,4.000000,4.000000,4.000000,0.000000,0.000000,0.000000,0
0,11600.000000,-1200.000000,400.000000,4.000000,4.000000,4.000000,0.000000,0.000000,0.000000,0
0,12000.000000,-1200.000000,400.000000,4.000000,4.000000,4.000000,0.000000,0.000000,0.000000,0
0,12400.000000,-1200.000000,400.000000,4.000000,4.000000,4.000000,0.000000,0.000000,0.000000,0
0,12800.000000,-1200.000000,400.000000,4.000000,4.000000,4.000000,0.000000,0.000000,0.000000,0
0,13200.000000,-1200.000000,400.000000,4.000000,4.000000,4.000000,0.000000,0.000000,0.000000,0
0,13600.000000,-1200.000000,400.000000,4.000000,4.000000,4.000000,0.000000,0.000000,0.000000,0
0,14000.000000,-1200.000000,400.000000,4.000000,4.000000,4.000000,0.000000,0.000000,0.000000,0
0,14000.000000,-1600.000000,400.000000,4.000000,4.000000,4.000000,0.000000,0.000000,0.000000,0
0,14000.000000,-2000.000000,400.000000,4.000000,4.000000,4.000000,0.000000,0.000000,0.000000,0
0,14000.000000,-2400.000000,400.000000,4.000000,4.000000,4.000000,0.000000,0.000000,0.000000,0
0,14000.000000,-2800.000000,400.000000,4.000000,4.000000,4.000000,0.000000,0.000000,0.000000,0
0,14000.000000,-3200.000000,400.000000,4.000000,4.000000,4.000000,0.000000,0.000000,0.000000,0
0,14000.000000,-3600.000000,400.000000,4.000000,4.000000,4.000000,0.000000,0.000000,0.000000,0
0,14000.000000,-4000.000000,400.000000,4.000000,4.000000,4.000000,0.000000,0.000000,0.000000,0
0,14000.000000,-4400.000000,400.000000,4.000000,4.000000,4.000000,0.000000,0.000000,0.000000,0
0,14000.000000,-4800.000000,400.000000,4.000000,4.000000,4.000000,0.000000,0.000000,0.000000,0
0,14000.000000,-5200.000000,400.000000,4.000000,4.000000,4.000000,0.000000,0.000000,0.000000,0
0,14000.000000,-5600.000000,400.000000,4.000000,4.000000,4.000000,0.000000,0.000000,0.000000,0
0,14000.000000,-6000.000000,400.000000,4.000000,4.000000,4.000000,0.000000,0.000000,0.000000,0
0,14000.000000,-6400.000000,400.000000,4.000000,4.000000,4.000000,0.000000,0.000000,0.000000,0
0,14000.000000,-6800.000000,400.000000,4.000000,4.000000,4.000000,0.000000,0.000000,0.000000,0
0,14000.000000,-7200.000000,400.000000,4.000000,4.000000,4.000000,0.000000,0.000000,0.000000,0
0,13600.000000,-7200.000000,400.000000,4.000000,4.000000,4.000000,0.000000,0.000000,0.000000,0
0,13200.000000,-7200.000000,400.000000,4.000000,4.000000,4.000000,0.000000,0.000000,0.000000,0
0,12800.000000,-7200.000000,400.000000,4.000000,4.000000,4.000000,0.000000,0.000000,0.000000,0
0,12400.000000,-7200.000000,400.000000,4.000000,4.000000,4.000000,0.000000,0.000000,0.000000,0
0,12000.000000,-9200.000000,400.000000,4.000000,4.000000,4.000000,0.000000,0.000000,0.000000,0
0,11600.000000,-9200.000000,400.000000,4.000000,4.000000,4.000000,0.000000,0.000000,0.000000,0
0,11200.000000,-9200.000000,400.000000,4.000000,4.000000,4.000000,0.000000,0.000000,0.000000,0
0,10800.000000,-9200.000000,400.000000,4.000000,4.000000,4.000000,0.000000,0.000000,0.000000,0
0,10400.000000,-9200.000000,400.000000,4.000000,4.000000,4.000000,0.000000,0.000000,0.000000,0
0,10000.000000,-9200.000000,400.000000,4.000000,4.000000,4.000000,0.000000,0.000000,0.000000,0
0,9600.000000,-9200.000000,400.000000,4.000000,4.000000,4.000000,0.000000,0.000000,0.000000,0
0,9200.000000,-9200.000000,400.000000,4.000000,4.000000,4.000000,0.000000,0.000000,0.000000,0
0,8800.000000,-9200.000000,400.000000,4.000000,4.000000,4.000000,0.000000,0.000000,0.000000,0
0,8400.000000,-9200.000000,400.000000,4.000000,4.000000,4.000000,0.000000,0.000000,0.000000,0
0,8000.000000,-9200.000000,400.000000,4.000000,4.000000,4.000000,0.000000,0.000000,0.000000,0
0,7600.000000,-9200.000000,400.000000,4.000000,4.000000,4.000000,0.000000,0.000000,0.000000,0
0,7600.000000,-8800.000000,400.000000,4.000000,4.000000,4.000000,0.000000,0.000000,0.000000,0
0,7200.000000,-8800.000000,400.000000,4.000000,4.000000,4.000000,0.000000,0.000000,0.000000,0
0,6800.000000,-8800.000000,400.000000,4.000000,4.000000,4.000000,0.000000,0.000000,0.000000,0
0,6400.000000,-8800.000000,400.000000,4.000000,4.000000,4.000000,0.000000,0.000000,0.000000,0
0,6000.000000,-8800.000000,400.000000,4.000000,4.000000,4.000000,0.000000,0.000000,0.000000,0
0,5600.000000,-8800.000000,400.000000,4.000000,4.000000,4.000000,0.000000,0.000000,0.000000,0
0,5200.000000,-8800.000000,400.000000,4.000000,4.000000,4.000000,0.000000,0.000000,0.000000,0
0,4800.000000,-8800.000000,400.000000,4.000000,4.000000,4.000000,0.000000,0.000000,0.000000,0
0,4400.000000,-8800.000000,400.000000,4.000000,4.000000,4.000000,0.000000,0.000000,0.000000,0
0,4000.000000,-8800.000000,400.000000,4.000000,4.000000,4.000000,0.000000,0.000000,0.000000,0
0,3600.000000,-8800.000000,400.000000,4.000000,4.000000,4.000000,0.000000,0.000000,0.000000,0
0,3200.000000,-8800.000000,400.000000,4.000000,4.000000,4.000000,0.000000,0.000000,0.000000,0
0,2800.000000,-8800.000000,400.000000,4.000000,4.000000,4.000000,0.000000,0.000000,0.000000,0
0,2400.000000,-8800.000000,400.000000,4.000000,4.000000,4.000000,0.000000,0.000000,0.000000,0
0,2000.000000,-8800.000000,400.000000,4.000000,4.000000,4.000000,0.000000,0.000000,0.000000,0
0,2000.000000,-8400.000000,400.000000,4.000000,4.000000,4.000000,0.000000,0.000000,0.000000,0
0,2000.000000,-8000.000000,400.000000,4.000000,4.000000,4.000000,0.000000,0.000000,0.000000,0
0,2000.000000,-7600.000000,400.000000,4.000000,4.000000,4.000000,0.000000,0.000000,0.000000,0
0,2000.000000,-7200.000000,400.000000,4.000000,4.000000,4.000000,0.000000,0.000000,0.000000,0
0,2000.000000,-6800.000000,400.000000,4.000000,4.000000,4.000000,0.000000,0.000000,0.000000,0
0,4400.000000,-6800.000000,400.000000,4.000000,4.000000,4.000000,0.000000,0.000000,0.000000,0
0,4800.000000,-6800.000000,400.000000,4.000000,4.000000,4.000000,0.000000,0.000000,0.000000,0
0,5200.000000,-6800.000000,400.000000,4.000000,4.000000,4.000000,0.000000,0.000000,0.000000,0
0,5600.000000,-6800.000000,400.000000,4.000000,4.000000,4.000000,0.000000,0.000000,0.000000,0
0,6000.000000,-6800.000000,400.000000,4.000000,4.000000,4.000000,0.000000,0.000000,0.000000,0
0,6400.000000,-6800.000000,400.000000,4.000000,4.000000,4.000000,0.000000,0.000000,0.000000,0
0,6800.000000,-6800.000000,400.000000,4.000000,4.000000,4.000000,0.000000,0.000000,0.000000,0
0,7200.000000,-6800.000000,400.000000,4.000000,4.000000,4.000000,0.000000,0.000000,0.000000,0
0,7600.000000,-6800.000000,400.000000,4.000000,4.000000,4.000000,0.000000,0.000000,0.000000,0
0,8000.000000,-6800.000000,400.000000,4.000000,4.000000,4.000000,0.000000,0.000000,0.000000,0
0,8400.000000,-6800.000000,400.000000,4.000000,4.000000,4.000000,0.000000,0.000000,0.000000,0
0,8400.000000,-6400.000000,400.000000,4.000000,4.000000,4.000000,0.000000,0.000000,0.000000,0
0,8800.000000,-6400.000000,400.000000,4.000000,4.000000,4.000000,0.000000,0.000000,0.000000,0
0,9200.000000,-6400.000000,400.000000,4.000000,4.000000,4.000000,0.000000,0.000000,0.000000,0
0,9600.000000,-6400.000000,400.000000,4.000000,4.000000,4.000000,0.000000,0.000000,0.000000,0
0,10000.000000,-6400.000000,400.000000,4.000000,4.000000,4.000000,0.000000,0.000000,0.000000,0
0,10000.000000,-6000.000000,400.000000,4.000000,4.000000,4.000000,0.000000,0.000000,0.000000,0
0,10000.000000,-5600.000000,400.000000,4.000000,4.000000,4.000000,0.000000,0.000000,0.000000,0
0,10000.000000,-5200.000000,400.000000,4.000000,4.000000,4.000000,0.000000,0.000000,0.000000,0
0,10000.000000,-4800.000000,400.000000,4.000000,4.000000,4.000000,0.000000,0.000000,0.000000,0
0,10000.000000,-4400.000000,400.000000,4.000000,4.000000,4.000000,0.000000,0.000000,0.000000,0
0,10000.000000,-4000.000000,400.000000,4.000000,4.000000,4.000000,0.000000,0.000000,0.000000,0
0,10000.000000,-3600.000000,400.000000,4.000000,4.000000,4.000000,0.000000,0.000000,0.000000,0
0,10400.000000,-3600.000000,400.000000,4.000000,4.000000,4.000000,0.000000,0.000000,0.000000,0
0,10800.000000,-3600.000000,400.000000,4.000000,4.000000,4.000000,0.000000,0.000000,0.000000,0
0,11200.000000,-3600.000000,400.000000,4.000000,4.000000,4.000000,0.000000,0.000000,0.000000,0
0,11600.000000,-3600.000000,400.000000,4.000000,4.000000,4.000000,0.000000,0.000000,0.000000,0
0,12000.000000,-4000.000000,400.000000,4.000000,4.000000,4.000000,0.000000,0.000000,0.000000,0
0,12000.000000,-4400.000000,400.000000,4.000000,4.000000,4.000000,0.000000,0.000000,0.000000,0
0,12000.000000,-4800.000000,400.000000,4.000000,4.000000,4.000000,0.000000,0.000000,0.000000,0
0,12000.000000,-5200.000000,400.000000,4.000000,4.000000,4.000000,0.000000,0.000000,0.000000,0
0,2000.000000,-6000.000000,400.000000,4.000000,4.000000,4.000000,0.000000,0.000000,0.000000,0
0,2000.000000,-5600.000000,400.000000,4.000000,4.000000,4.000000,0.000000,0.000000,0.000000,0
0,2000.000000,-5200.000000,400.000000,4.000000,4.000000,4.000000,0.000000,0.000000,0.000000,0
0,2000.000000,-4800.000000,400.000000,4.000000,4.000000,4.000000,0.000000,0.000000,0.000000,0
0,2000.000000,-4400.000000,400.000000,4.000000,4.000000,4.000000,0.000000,0.000000,0.000000,0
0,2000.000000,-4000.000000,400.000000,4.000000,4.000000,4.000000,0.000000,0.000000,0.000000,0
0,2000.000000,-3600.000000,400.000000,4.000000,4.000000,4.000000,0.000000,0.000000,0.000000,0
0,2000.000000,-3200.000000,400.000000,4.000000,4.000000,4.000000,0.000000,0.000000,0.000000,0
0,2000.000000,-2800.000000,400.000000,4.000000,4.000000,4.000000,0.000000,0.000000,0.000000,0
0,2000.000000,-2400.000000,400.000000,4.000000,4.000000,4.000000,0.000000,0.000000,0.000000,0
0,2000.000000,-2000.000000,400.000000,4.000000,4.000000,4.000000,0.000000,0.000000,0.000000,0
0,2000.000000,400.000000,400.000000,4.000000,4.000000,4.000000,0.000000,0.000000,0.000000,0
0,2000.000000,800.000000,400.000000,4.000000,4.000000,4.000000,0.000000,0.000000,0.000000,0
0,1600.000000,400.000000,400.000000,4.000000,4.000000,4.000000,0.000000,0.000000,0.000000,0
0,1200.000000,400.000000,400.000000,4.000000,4.000000,4.000000,0.000000,0.000000,0.000000,0
0,800.000000,400.000000,400.000000,4.000000,4.000000,4.000000,0.000000,0.000000,0.000000,0
0,800.000000,0.000000,400.000000,4.000000,4.000000,4.000000,0.000000,0.000000,0.000000,0
0,400.000000,0.000000,400.000000,4.000000,4.000000,4.000000,0.000000,0.000000,0.000000,0
0,0.000000,0.000000,400.000000,4.000000,4.000000,4.000000,0.000000,0.000000,0.000000,0
0,-400.000000,-400.000000,400.000000,4.000000,4.000000,4.000000,0.000000,0.000000,0.000000,0
0,-800.000000,-400.000000,400.000000,4.000000,4.000000,4.000000,0.000000,0.000000,0.000000,0
0,-1200.000000,-400.000000,400.000000,4.000000,4.000000,4.000000,0.000000,0.000000,0.000000,0
0,-1600.000000,-400.000000,400.000000,4.000000,4.000000,4.000000,0.000000,0.000000,0.000000,0
0,-2000.000000,-400.000000,400.000000,4.000000,4.000000,4.000000,0.000000,0.000000,0.000000,0
0,-2400.000000,-400.000000,400.000000,4.000000,4.000000,4.000000,0.000000,0.000000,0.000000,0
0,-2800.000000,-400.000000,400.000000,4.000000,4.000000,4.000000,0.000000,0.000000,0.000000,0
0,-3200.000000,-400.000000,400.000000,4.000000,4.000000,4.000000,0.000000,0.000000,0.000000,0
0,-3600.000000,-400.000000,400.000000,4.000000,4.000000,4.000000,0.000000,0.000000,0.000000,0
0,-4000.000000,-400.000000,400.000000,4.000000,4.000000,4.000000,0.000000,0.000000,0.000000,0
0,0.000000,2400.000000,0.000000,4.000000,4.000000,4.000000,0.000000,0.000000,0.000000,0
0,-400.000000,2400.000000,0.000000,4.000000,4.000000,4.000000,0.000000,0.000000,0.000000,0
0,-800.000000,2400.000000,0.000000,4.000000,4.000000,4.000000,0.000000,0.000000,0.000000,0
0,-1200.000000,2400.000000,0.000000,4.000000,4.000000,4.000000,0.000000,0.000000,0.000000,0
0,-2000.000000,2000.000000,0.000000,4.000000,4.000000,4.000000,0.000000,0.000000,0.000000,0
0,-1600.000000,2000.000000,0.000000,4.000000,4.000000,4.000000,0.000000,0.000000,0.000000,0
0,-2400.000000,1600.000000,0.000000,4.000000,4.000000,4.000000,0.000000,0.000000,0.000000,0
0,-2000.000000,1600.000000,400.000000,4.000000,4.000000,4.000000,0.000000,0.000000,0.000000,0
0,-1200.000000,1600.000000,400.000000,4.000000,4.000000,4.000000,0.000000,0.000000,0.000000,0
0,-2800.000000,1600.000000,0.000000,4.000000,4.000000,4.000000,0.000000,0.000000,0.000000,0
0,1200.000000,800.000000,800.000000,4.000000,4.000000,4.000000,0.000000,0.000000,0.000000,0
0,1600.000000,800.000000,800.000000,4.000000,4.000000,4.000000,0.000000,0.000000,0.000000,0
0,12000.000000,-3600.000000,400.000000,4.000000,4.000000,4.000000,0.000000,0.000000,0.000000,0
3,2000.000000,1200.000000,400.000000,4.000000,4.000000,4.000000,0.000000,0.000000,0.000000,0
3,11600.000000,-3200.000000,400.000000,4.000000,4.000000,4.000000,0.000000,0.000000,0.000000,0
0,4400.000000,2400.000000,0.000000,4.000000,4.000000,4.000000,0.000000,0.000000,0.000000,0
0,4800.000000,2400.000000,400.000000,4.000000,4.000000,4.000000,0.000000,0.000000,0.000000,0
0,4800.000000,2400.000000,0.000000,4.000000,4.000000,4.000000,0.000000,0.000000,0.000000,0
23,-1600.000000,0.000000,400.000000,4.000000,4.000000,4.000000,0.000000,0.000000,0.000000,0
4,8400.000000,-5200.000000,0.000000,3.000000,3.000000,3.000000,0.000000,0.000000,0.000000,0
4,8800.000000,-4400.000000,0.000000,3.000000,3.000000,3.000000,0.000000,0.000000,0.000000,0
0,4800.000000,2000.000000,400.000000,4.000000,4.000000,4.000000,0.000000,0.000000,0.000000,0
0,4800.000000,1600.000000,400.000000,4.000000,4.000000,4.000000,0.000000,0.000000,0.000000,0
0,4800.000000,1200.000000,400.000000,4.000000,4.000000,4.000000,0.000000,0.000000,0.000000,0
0,4800.000000,800.000000,400.000000,4.000000,4.000000,4.000000,0.000000,0.000000,0.000000,0
0,4800.000000,400.000000,400.000000,4.000000,4.000000,4.000000,0.000000,0.000000,0.000000,0
0,4800.000000,0.000000,400.000000,4.000000,4.000000,4.000000,0.000000,0.000000,0.000000,0
0,4800.000000,-400.000000,400.000000,4.000000,4.000000,4.000000,0.000000,0.000000,0.000000,0
0,4800.000000,-800.000000,400.000000,4.000000,4.000000,4.000000,0.000000,0.000000,0.000000,0
0,4800.000000,-1200.000000,400.000000,4.000000,4.000000,4.000000,0.000000,0.000000,0.000000,0
0,4800.000000,-1600.000000,400.000000,4.000000,4.000000,4.000000,0.000000,0.000000,0.000000,0
0,4800.000000,-2000.000000,400.000000,4.000000,4.000000,4.000000,0.000000,0.000000,0.000000,0
0,4800.000000,-2400.000000,400.000000,4.000000,4.000000,4.000000,0.000000,0.000000,0.000000,0
0,4800.000000,-2800.000000,400.000000,4.000000,4.000000,4.000000,0.000000,0.000000,0.000000,0
0,4800.000000,-3200.000000,400.000000,4.000000,4.000000,4.000000,0.000000,0.000000,0.000000,0
0,4800.000000,-3600.000000,400.000000,4.000000,4.000000,4.000000,0.000000,0.000000,0.000000,0
0,4800.000000,-4000.000000,400.000000,4.000000,4.000000,4.000000,0.000000,0.000000,0.000000,0
0,4800.000000,-4000.000000,0.000000,4.000000,4.000000,4.000000,0.000000,0.000000,0.000000,0
0,4800.000000,-3600.000000,0.000000,4.000000,4.000000,4.000000,0.000000,0.000000,0.000000,0
0,4800.000000,-3200.000000,0.000000,4.000000,4.000000,4.000000,0.000000,0.000000,0.000000,0
0,4800.000000,-2800.000000,0.000000,4.000000,4.000000,4.000000,0.000000,0.000000,0.000000,0
0,4800.000000,-2400.000000,0.000000,4.000000,4.000000,4.000000,0.000000,0.000000,0.000000,0
0,4800.000000,-2000.000000,0.000000,4.000000,4.000000,4.000000,0.000000,0.000000,0.000000,0
0,4800.000000,-1600.000000,0.000000,4.000000,4.000000,4.000000,0.000000,0.000000,0.000000,0
0,4800.000000,-1200.000000,0.000000,4.000000,4.000000,4.000000,0.000000,0.000000,0.000000,0
0,4800.000000,-800.000000,0.000000,4.000000,4.000000,4.000000,0.000000,0.000000,0.000000,0
0,4800.000000,-400.000000,0.000000,4.000000,4.000000,4.000000,0.000000,0.000000,0.000000,0
0,4800.000000,0.000000,0.000000,4.000000,4.000000,4.000000,0.000000,0.000000,0.000000,0
0,4800.000000,400.000000,0.000000,4.000000,4.000000,4.000000,0.000000,0.000000,0.000000,0
0,4800.000000,800.000000,0.000000,4.000000,4.000000,4.000000,0.000000,0.000000,0.000000,0
0,4800.000000,1200.000000,0.000000,4.000000,4.000000,4.000000,0.000000,0.000000,0.000000,0
0,4800.000000,1600.000000,0.000000,4.000000,4.000000,4.000000,0.000000,0.000000,0.000000,0
0,4800.000000,2000.000000,0.000000,4.000000,4.000000,4.000000,0.000000,0.000000,0.000000,0
8,4000.000000,-400.000000,400.000000,4.000000,4.000000,4.000000,0.000000,0.000000,3.141593,0
8,4000.000000,-800.000000,400.000000,4.000000,4.000000,4.000000,0.000000,0.000000,3.141593,0
8,4000.000000,-1200.000000,400.000000,4.000000,4.000000,4.000000,0.000000,0.000000,3.141593,0
8,4000.000000,-1600.000000,400.000000,4.000000,4.000000,4.000000,0.000000,0.000000,3.141593,0
8,4000.000000,-2000.000000,400.000000,4.000000,4.000000,4.000000,0.000000,0.000000,3.141593,0
8,4000.000000,-2400.000000,400.000000,4.000000,4.000000,4.000000,0.000000,0.000000,3.141593,0
8,4000.000000,-2800.000000,400.000000,4.000000,4.000000,4.000000,0.000000,0.000000,3.141593,0
8,4000.000000,-3200.000000,400.000000,4.000000,4.000000,4.000000,0.000000,0.000000,3.141593,0
8,4000.000000,-3600.000000,400.000000,4.000000,4.000000,4.000000,0.000000,0.000000,3.141593,0
8,4000.000000,-4000.000000,400.000000,4.000000,4.000000,4.000000,0.000000,0.000000,3.141593,0
8,4000.000000,-4400.000000,400.000000,4.000000,4.000000,4.000000,0.000000,0.000000,3.141593,0
8,4000.000000,-4800.000000,400.000000,4.000000,4.000000,4.000000,0.000000,0.000000,3.141593,0
8,4000.000000,-5200.000000,400.000000,4.000000,4.000000,4.000000,0.000000,0.000000,3.141593,0
8,4000.000000,-5600.000000,400.000000,4.000000,4.000000,4.000000,0.000000,0.000000,3.141593,0
8,4000.000000,-6000.000000,400.000000,4.000000,4.000000,4.000000,0.000000,0.000000,3.141593,0
8,2400.000000,-6000.000000,400.000000,4.000000,4.000000,4.000000,0.000000,0.000000,0.000000,0
8,2400.000000,-5600.000000,400.000000,4.000000,4.000000,4.000000,0.000000,0.000000,0.000000,0
8,2400.000000,-5200.000000,400.000000,4.000000,4.000000,4.000000,0.000000,0.000000,0.000000,0
8,2400.000000,-4800.000000,400.000000,4.000000,4.000000,4.000000,0.000000,0.000000,0.000000,0
8,2400.000000,-4400.000000,400.000000,4.000000,4.000000,4.000000,0.000000,0.000000,0.000000,0
8,2400.000000,-4000.000000,400.000000,4.000000,4.000000,4.000000,0.000000,0.000000,0.000000,0
8,2400.000000,-3600.000000,400.000000,4.000000,4.000000,4.000000,0.000000,0.000000,0.000000,0
8,2400.000000,-3200.000000,400.000000,4.000000,4.000000,4.000000,0.000000,0.000000,0.000000,0
8,2400.000000,-2800.000000,400.000000,4.000000,4.000000,4.000000,0.000000,0.000000,0.000000,0
8,2400.000000,-2400.000000,400.000000,4.000000,4.000000,4.000000,0.000000,0.000000,0.000000,0
8,2400.000000,-2000.000000,400.000000,4.000000,4.000000,4.000000,0.000000,0.000000,0.000000,0
8,800.000000,-800.000000,400.000000,4.000000,4.000000,4.000000,0.000000,0.000000,3.141593,0
8,800.000000,-1200.000000,400.000000,4.000000,4.000000,4.000000,0.000000,0.000000,3.141593,0
8,800.000000,-1600.000000,400.000000,4.000000,4.000000,4.000000,0.000000,0.000000,3.141593,0
8,800.000000,-400.000000,400.000000,4.000000,4.000000,4.000000,0.000000,0.000000,3.141593,0
8,2400.000000,-1600.000000,400.000000,4.000000,4.000000,4.000000,0.000000,0.000000,-1.570796,0
8,2000.000000,-1600.000000,400.000000,4.000000,4.000000,4.000000,0.000000,0.000000,-1.570796,0
8,1600.000000,-1600.000000,400.000000,4.000000,4.000000,4.000000,0.000000,0.000000,-1.570796,0
8,1200.000000,-1600.000000,400.000000,4.000000,4.000000,4.000000,0.000000,0.000000,-1.570796,0
8,1200.000000,0.000000,400.000000,4.000000,4.000000,4.000000,0.000000,0.000000,1.570796,0
8,1600.000000,0.000000,400.000000,4.000000,4.000000,4.000000,0.000000,0.000000,1.570796,0
8,2000.000000,0.000000,400.000000,4.000000,4.000000,4.000000,0.000000,0.000000,1.570796,0
8,2400.000000,0.000000,400.000000,4.000000,4.000000,4.000000,0.000000,0.000000,1.570796,0
8,2800.000000,0.000000,400.000000,4.000000,4.000000,4.000000,0.000000,0.000000,1.570796,0
8,3200.000000,0.000000,400.000000,4.000000,4.000000,4.000000,0.000000,0.000000,1.570796,0
8,3600.000000,0.000000,400.000000,4.000000,4.000000,4.000000,0.000000,0.000000,1.570796,0
8,4000.000000,0.000000,400.000000,4.000000,4.000000,4.000000,0.000000,0.000000,1.570796,0
8,2400.000000,-6400.000000,400.000000,4.000000,4.000000,4.000000,0.000000,0.000000,0.000000,0
8,4000.000000,-6400.000000,400.000000,4.000000,4.000000,4.000000,0.000000,0.000000,0.000000,0
8,2400.000000,-6800.000000,400.000000,4.000000,4.000000,4.000000,0.000000,0.000000,3.141593,0
8,2400.000000,-7200.000000,400.000000,4.000000,4.000000,4.000000,0.000000,0.000000,3.141593,0
8,4000.000000,-7200.000000,400.000000,4.000000,4.000000,4.000000,0.000000,0.000000,0.000000,0
8,4000.000000,-6800.000000,400.000000,4.000000,4.000000,4.000000,0.000000,0.000000,0.000000,0
0,2000.000000,-6800.000000,0.000000,4.000000,4.000000,4.000000,0.000000,0.000000,0.000000,0
0,2000.000000,-7200.000000,0.000000,4.000000,4.000000,4.000000,0.000000,0.000000,0.000000,0
0,2400.000000,-8400.000000,400.000000,4.000000,4.000000,4.000000,0.000000,0.000000,0.000000,0
0,2800.000000,-8400.000000,400.000000,4.000000,4.000000,4.000000,0.000000,0.000000,0.000000,0
0,3600.000000,-8400.000000,400.000000,4.000000,4.000000,4.000000,0.000000,0.000000,0.000000,0
0,4000.000000,-8400.000000,400.000000,4.000000,4.000000,4.000000,0.000000,0.000000,0.000000,0
0,4400.000000,-8400.000000,400.000000,4.000000,4.000000,4.000000,0.000000,0.000000,0.000000,0
0,4400.000000,-8000.000000,400.000000,4.000000,4.000000,4.000000,0.000000,0.000000,0.000000,0
0,4400.000000,-7600.000000,400.000000,4.000000,4.000000,4.000000,0.000000,0.000000,0.000000,0
0,4400.000000,-7200.000000,400.000000,4.000000,4.000000,4.000000,0.000000,0.000000,0.000000,0
0,4400.000000,-7200.000000,0.000000,4.000000,4.000000,4.000000,0.000000,0.000000,0.000000,0
0,4400.000000,-7600.000000,0.000000,4.000000,4.000000,4.000000,0.000000,0.000000,0.000000,0
0,4400.000000,-8000.000000,0.000000,4.000000,4.000000,4.000000,0.000000,0.000000,0.000000,0
0,4400.000000,-8400.000000,0.000000,4.000000,4.000000,4.000000,0.000000,0.000000,0.000000,0
0,4000.000000,-8400.000000,0.000000,4.000000,4.000000,4.000000,0.000000,0.000000,0.000000,0
0,3600.000000,-8400.000000,0.000000,4.000000,4.000000,4.000000,0.000000,0.000000,0.000000,0
0,3200.000000,-8400.000000,0.000000,4.000000,4.000000,4.000000,0.000000,0.000000,0.000000,0
0,2800.000000,-8400.000000,0.000000,4.000000,4.000000,4.000000,0.000000,0.000000,0.000000,0
0,2400.000000,-8400.000000,0.000000,4.000000,4.000000,4.000000,0.000000,0.000000,0.000000,0
0,400.000000,-400.000000,0.000000,4.000000,4.000000,4.000000,0.000000,0.000000,0.000000,0
0,400.000000,-800.000000,0.000000,4.000000,4.000000,4.000000,0.000000,0.000000,0.000000,0
0,400.000000,-1200.000000,0.000000,4.000000,4.000000,4.000000,0.000000,0.000000,0.000000,0
0,400.000000,-1600.000000,0.000000,4.000000,4.000000,4.000000,0.000000,0.000000,0.000000,0
0,400.000000,-2000.000000,0.000000,4.000000,4.000000,4.000000,0.000000,0.000000,0.000000,0
0,800.000000,-2000.000000,0.000000,4.000000,4.000000,4.000000,0.000000,0.000000,0.000000,0
0,1200.000000,-2000.000000,0.000000,4.000000,4.000000,4.000000,0.000000,0.000000,0.000000,0
0,1600.000000,-2000.000000,0.000000,4.000000,4.000000,4.000000,0.000000,0.000000,0.000000,0
0,4400.000000,-4400.000000,400.000000,4.000000,4.000000,4.000000,0.000000,0.000000,0.000000,0
0,4400.000000,-4000.000000,400.000000,4.000000,4.000000,4.000000,0.000000,0.000000,0.000000,0
0,4400.000000,-3600.000000,400.000000,4.000000,4.000000,4.000000,0.000000,0.000000,0.000000,0
0,4400.000000,-3200.000000,400.000000,4.000000,4.000000,4.000000,0.000000,0.000000,0.000000,0
0,4400.000000,-2800.000000,400.000000,4.000000,4.000000,4.000000,0.000000,0.000000,0.000000,0
0,4400.000000,-2400.000000,400.000000,4.000000,4.000000,4.000000,0.000000,0.000000,0.000000,0
0,4400.000000,-2000.000000,400.000000,4.000000,4.000000,4.000000,0.000000,0.000000,0.000000,0
0,4400.000000,-1600.000000,400.000000,4.000000,4.000000,4.000000,0.000000,0.000000,0.000000,0
0,4400.000000,-1200.000000,400.000000,4.000000,4.000000,4.000000,0.000000,0.000000,0.000000,0
0,4400.000000,-800.000000,400.000000,4.000000,4.000000,4.000000,0.000000,0.000000,0.000000,0
0,4400.000000,-400.000000,400.000000,4.000000,4.000000,4.000000,0.000000,0.000000,0.000000,0
0,4400.000000,0.000000,400.000000,4.000000,4.000000,4.000000,0.000000,0.000000,0.000000,0
0,4400.000000,0.000000,0.000000,4.000000,4.000000,4.000000,0.000000,0.000000,0.000000,0
0,4400.000000,-400.000000,0.000000,4.000000,4.000000,4.000000,0.000000,0.000000,0.000000,0
0,4400.000000,-800.000000,0.000000,4.000000,4.000000,4.000000,0.000000,0.000000,0.000000,0
0,4400.000000,-1200.000000,0.000000,4.000000,4.000000,4.000000,0.000000,0.000000,0.000000,0
0,4400.000000,-1600.000000,0.000000,4.000000,4.000000,4.000000,0.000000,0.000000,0.000000,0
0,4400.000000,-2000.000000,0.000000,4.000000,4.000000,4.000000,0.000000,0.000000,0.000000,0
0,4400.000000,-2400.000000,0.000000,4.000000,4.000000,4.000000,0.000000,0.000000,0.000000,0
0,4400.000000,-2800.000000,0.000000,4.000000,4.000000,4.000000,0.000000,0.000000,0.000000,0
0,4400.000000,-3200.000000,0.000000,4.000000,4.000000,4.000000,0.000000,0.000000,0.000000,0
0,4400.000000,-3600.000000,0.000000,4.000000,4.000000,4.000000,0.000000,0.000000,0.000000,0
0,4400.000000,-4000.000000,0.000000,4.000000,4.000000,4.000000,0.000000,0.000000,0.000000,0
0,4400.000000,-4400.000000,0.000000,4.000000,4.000000,4.000000,0.000000,0.000000,0.000000,0
7,4000.000000,-1200.000000,0.000000,4.000000,4.000000,4.000000,0.000000,0.000000,1.570796,0
7,4000.000000,-1600.000000,0.000000,4.000000,4.000000,4.000000,0.000000,0.000000,1.570796,0
2,1500.000000,-900.000000,200.000000,4.000000,4.000000,4.000000,0.000000,0.000000,0.000000,0
6,2400.000000,0.000000,0.000000,44.000000,2.700000,14.000000,0.000000,0.000000,0.000000,0
6,800.000000,-800.000000,0.000000,24.000000,2.700000,14.000000,0.000000,0.000000,1.570796,0
6,4000.000000,-4000.000000,0.000000,74.000000,2.700000,14.000000,0.000000,0.000000,1.570796,0
6,1200.000000,-1600.000000,0.000000,24.000000,2.300000,4.000000,0.000000,0.000000,0.000000,0
8,2800.000000,-7200.000000,400.000000,4.000000,4.000000,4.000000,0.000000,0.000000,0.000000,0
8,3200.000000,-7200.000000,400.000000,4.000000,4.000000,4.000000,0.000000,0.000000,0.000000,0
8,3600.000000,-7200.000000,400.000000,4.000000,4.000000,4.000000,0.000000,0.000000,0.000000,0
0,3200.000000,-8400.000000,400.000000,4.000000,4.000000,4.000000,0.000000,0.000000,0.000000,0
0,4000.000000,-7600.000000,400.000000,4.000000,4.000000,4.000000,0.000000,0.000000,0.000000,0
0,3600.000000,-7600.000000,400.000000,4.000000,4.000000,4.000000,0.000000,0.000000,0.000000,0
0,3200.000000,-7600.000000,400.000000,4.000000,4.000000,4.000000,0.000000,0.000000,0.000000,0
0,2800.000000,-7600.000000,400.000000,4.000000,4.000000,4.000000,0.000000,0.000000,0.000000,0
0,2400.000000,-7600.000000,400.000000,4.000000,4.000000,4.000000,0.000000,0.000000,0.000000,0
0,2400.000000,-7600.000000,0.000000,4.000000,4.000000,4.000000,0.000000,0.000000,0.000000,0
0,2800.000000,-7600.000000,0.000000,4.000000,4.000000,4.000000,0.000000,0.000000,0.000000,0
0,3200.000000,-7600.000000,0.000000,4.000000,4.000000,4.000000,0.000000,0.000000,0.000000,0
0,3600.000000,-7600.000000,0.000000,4.000000,4.000000,4.000000,0.000000,0.000000,0.000000,0
0,4000.000000,-7600.000000,0.000000,4.000000,4.000000,4.000000,0.000000,0.000000,0.000000,0
0,4000.000000,-8000.000000,0.000000,4.000000,4.000000,4.000000,0.000000,0.000000,0.000000,0
0,3600.000000,-8000.000000,0.000000,4.000000,4.000000,4.000000,0.000000,0.000000,0.000000,0
0,3200.000000,-8000.000000,0.000000,4.000000,4.000000,4.000000,0.000000,0.000000,0.000000,0
0,2800.000000,-8000.000000,0.000000,4.000000,4.000000,4.000000,0.000000,0.000000,0.000000,0
0,2400.000000,-8000.000000,0.000000,4.000000,4.000000,4.000000,0.000000,0.000000,0.000000,0
6,3200.000000,-7200.000000,0.000000,24.000000,4.000000,6.000000,0.000000,0.000000,0.000000,0
0,5200.000000,-6400.000000,0.000000,4.000000,4.000000,6.000000,0.000000,0.000000,0.000000,0
0,4800.000000,-6400.000000,0.000000,4.000000,4.000000,6.000000,0.000000,0.000000,0.000000,0
23,4400.000000,-6400.000000,400.000000,4.000000,4.000000,4.000000,0.000000,0.000000,0.000000,0
5,5600.000000,-8000.000000,400.000000,8.000000,8.000000,8.000000,0.000000,0.000000,0.000000,0
0,9600.000000,-8800.000000,800.000000,4.000000,4.000000,4.000000,0.000000,0.000000,0.000000,0
0,9600.000000,-8400.000000,800.000000,4.000000,4.000000,4.000000,0.000000,0.000000,0.000000,0
0,9600.000000,-8000.000000,800.000000,4.000000,4.000000,4.000000,0.000000,0.000000,0.000000,0
0,9600.000000,-7600.000000,800.000000,4.000000,4.000000,4.000000,0.000000,0.000000,0.000000,0
0,9600.000000,-6800.000000,800.000000,4.000000,4.000000,4.000000,0.000000,0.000000,0.000000,0
0,9200.000000,-6800.000000,800.000000,4.000000,4.000000,4.000000,0.000000,0.000000,0.000000,0
0,8800.000000,-6800.000000,800.000000,4.000000,4.000000,4.000000,0.000000,0.000000,0.000000,0
0,8400.000000,-6800.000000,800.000000,4.000000,4.000000,4.000000,0.000000,0.000000,0.000000,0
0,8400.000000,-7200.000000,800.000000,4.000000,4.000000,4.000000,0.000000,0.000000,0.000000,0
0,8800.000000,-7200.000000,800.000000,4.000000,4.000000,4.000000,0.000000,0.000000,0.000000,0
0,9200.000000,-7600.000000,800.000000,4.000000,4.000000,4.000000,0.000000,0.000000,0.000000,0
0,8800.000000,-7600.000000,800.000000,4.000000,4.000000,4.000000,0.000000,0.000000,0.000000,0
0,8400.000000,-7600.000000,800.000000,4.000000,4.000000,4.000000,0.000000,0.000000,0.000000,0
0,8000.000000,-7600.000000,800.000000,4.000000,4.000000,4.000000,0.000000,0.000000,0.000000,0
0,7600.000000,-7600.000000,800.000000,4.000000,4.000000,4.000000,0.000000,0.000000,0.000000,0
0,7200.000000,-7600.000000,800.000000,4.000000,4.000000,4.000000,0.000000,0.000000,0.000000,0
0,7200.000000,-7200.000000,800.000000,4.000000,4.000000,4.000000,0.000000,0.000000,0.000000,0
0,7600.000000,-7200.000000,800.000000,4.000000,4.000000,4.000000,0.000000,0.000000,0.000000,0
0,8000.000000,-7200.000000,800.000000,4.000000,4.000000,4.000000,0.000000,0.000000,0.000000,0
0,7200.000000,-8000.000000,800.000000,4.000000,4.000000,4.000000,0.000000,0.000000,0.000000,0
0,7600.000000,-8000.000000,800.000000,4.000000,4.000000,4.000000,0.000000,0.000000,0.000000,0
0,8000.000000,-8000.000000,800.000000,4.000000,4.000000,4.000000,0.000000,0.000000,0.000000,0
0,8400.000000,-8000.000000,800.000000,4.000000,4.000000,4.000000,0.000000,0.000000,0.000000,0
0,8800.000000,-8000.000000,800.000000,4.000000,4.000000,4.000000,0.000000,0.000000,0.000000,0
0,9200.000000,-8000.000000,800.000000,4.000000,4.000000,4.000000,0.000000,0.000000,0.000000,0
0,7600.000000,-8400.000000,800.000000,4.000000,4.000000,4.000000,0.000000,0.000000,0.000000,0
0,8000.000000,-8400.000000,800.000000,4.000000,4.000000,4.000000,0.000000,0.000000,0.000000,0
0,7200.000000,-8400.000000,800.000000,4.000000,4.000000,4.000000,0.000000,0.000000,0.000000,0
0,8400.000000,-8400.000000,800.000000,4.000000,4.000000,4.000000,0.000000,0.000000,0.000000,0
0,8800.000000,-8400.000000,800.000000,4.000000,4.000000,4.000000,0.000000,0.000000,0.000000,0
0,9200.000000,-8400.000000,800.000000,4.000000,4.000000,4.000000,0.000000,0.000000,0.000000,0
0,9200.000000,-8800.000000,800.000000,4.000000,4.000000,4.000000,0.000000,0.000000,0.000000,0
0,8800.000000,-8800.000000,800.000000,4.000000,4.000000,4.000000,0.000000,0.000000,0.000000,0
0,8400.000000,-8800.000000,800.000000,4.000000,4.000000,4.000000,0.000000,0.000000,0.000000,0
0,8000.000000,-8800.000000,800.000000,4.000000,4.000000,4.000000,0.000000,0.000000,0.000000,0
0,7600.000000,-8800.000000,800.000000,4.000000,4.000000,4.000000,0.000000,0.000000,0.000000,0
24,9600.000000,-7200.000000,600.000000,4.000000,4.000000,4.000000,0.000000,0.000000,3.141593,0
24,8800.000000,-7200.000000,600.000000,4.000000,4.000000,4.000000,0.000000,0.000000,3.141593,0
24,8000.000000,-7200.000000,600.000000,4.000000,4.000000,4.000000,0.000000,0.000000,3.141593,0
24,7200.000000,-7200.000000,600.000000,4.000000,4.000000,4.000000,0.000000,0.000000,3.141593,0
24,7600.000000,-7600.000000,600.000000,4.000000,4.000000,4.000000,0.000000,0.000000,3.141593,0
24,8400.000000,-7600.000000,600.000000,4.000000,4.000000,4.000000,0.000000,0.000000,3.141593,0
24,9200.000000,-7600.000000,600.000000,4.000000,4.000000,4.000000,0.000000,0.000000,3.141593,0
24,9600.000000,-8000.000000,600.000000,4.000000,4.000000,4.000000,0.000000,0.000000,3.141593,0
24,8800.000000,-8000.000000,600.000000,4.000000,4.000000,4.000000,0.000000,0.000000,3.141593,0
24,8000.000000,-8000.000000,600.000000,4.000000,4.000000,4.000000,0.000000,0.000000,3.141593,0
24,7200.000000,-8000.000000,600.000000,4.000000,4.000000,4.000000,0.000000,0.000000,3.141593,0
24,7600.000000,-8400.000000,600.000000,4.000000,4.000000,4.000000,0.000000,0.000000,3.141593,0
24,8400.000000,-8400.000000,600.000000,4.000000,4.000000,4.000000,0.000000,0.000000,3.141593,0
24,9200.000000,-8400.000000,600.000000,4.000000,4.000000,4.000000,0.000000,0.000000,3.141593,0
0,9200.000000,-7200.000000,800.000000,4.000000,4.000000,4.000000,0.000000,0.000000,3.141593,0
0,9600.000000,-7200.000000,800.000000,4.000000,4.000000,4.000000,0.000000,0.000000,3.141593,0
13,10800.000000,-3200.000000,0.000000,4.000000,4.000000,4.000000,0.000000,0.000000,0.000000,0
13,12800.000000,-6800.000000,0.000000,4.000000,4.000000,4.000000,0.000000,0.000000,0.000000,0
0,10000.000000,-8800.000000,800.000000,4.000000,4.000000,4.000000,0.000000,0.000000,0.000000,0
0,10400.000000,-8800.000000,800.000000,4.000000,4.000000,4.000000,0.000000,0.000000,0.000000,0
0,10800.000000,-8800.000000,800.000000,4.000000,4.000000,4.000000,0.000000,0.000000,0.000000,0
0,11200.000000,-8800.000000,800.000000,4.000000,4.000000,4.000000,0.000000,0.000000,0.000000,0
0,11600.000000,-8800.000000,800.000000,4.000000,4.000000,4.000000,0.000000,0.000000,0.000000,0
0,12000.000000,-8800.000000,800.000000,4.000000,4.000000,4.000000,0.000000,0.000000,0.000000,0
0,12000.000000,-8400.000000,800.000000,4.000000,4.000000,4.000000,0.000000,0.000000,0.000000,0
0,12400.000000,-8800.000000,400.000000,4.000000,4.000000,4.000000,0.000000,0.000000,0.000000,0
0,12400.000000,-8400.000000,400.000000,4.000000,4.000000,4.000000,0.000000,0.000000,0.000000,0
0,12400.000000,-7600.000000,400.000000,4.000000,4.000000,4.000000,0.000000,0.000000,0.000000,0
0,12000.000000,-8000.000000,800.000000,4.000000,4.000000,4.000000,0.000000,0.000000,0.000000,0
0,12000.000000,-7600.000000,800.000000,4.000000,4.000000,4.000000,0.000000,0.000000,0.000000,0
0,11600.000000,-8000.000000,800.000000,4.000000,4.000000,4.000000,0.000000,0.000000,0.000000,0
0,11600.000000,-8400.000000,800.000000,4.000000,4.000000,4.000000,0.000000,0.000000,0.000000,0
0,11200.000000,-8400.000000,800.000000,4.000000,4.000000,4.000000,0.000000,0.000000,0.000000,0
0,10800.000000,-8400.000000,800.000000,4.000000,4.000000,4.000000,0.000000,0.000000,0.000000,0
0,10400.000000,-8400.000000,800.000000,4.000000,4.000000,4.000000,0.000000,0.000000,0.000000,0
0,10000.000000,-8400.000000,800.000000,4.000000,4.000000,4.000000,0.000000,0.000000,0.000000,0
0,11200.000000,-8000.000000,800.000000,4.000000,4.000000,4.000000,0.000000,0.000000,0.000000,0
0,12400.000000,-6800.000000,800.000000,4.000000,4.000000,4.000000,0.000000,0.000000,0.000000,0
0,10400.000000,-8800.000000,400.000000,4.000000,4.000000,4.000000,0.000000,0.000000,0.000000,0
0,12000.000000,-8800.000000,400.000000,4.000000,4.000000,4.000000,0.000000,0.000000,0.000000,0
0,11600.000000,-8800.000000,400.000000,4.000000,4.000000,4.000000,0.000000,0.000000,0.000000,0
0,11200.000000,-8800.000000,400.000000,4.000000,4.000000,4.000000,0.000000,0.000000,0.000000,0
0,10800.000000,-8800.000000,400.000000,4.000000,4.000000,4.000000,0.000000,0.000000,0.000000,0
0,12000.000000,-8000.000000,0.000000,4.000000,4.000000,4.000000,0.000000,0.000000,0.000000,0
0,12000.000000,-8400.000000,0.000000,4.000000,4.000000,4.000000,0.000000,0.000000,0.000000,0
0,11600.000000,-8400.000000,0.000000,4.000000,4.000000,4.000000,0.000000,0.000000,0.000000,0
0,11600.000000,-8800.000000,0.000000,4.000000,4.000000,4.000000,0.000000,0.000000,0.000000,0
0,11200.000000,-8800.000000,0.000000,4.000000,4.000000,4.000000,0.000000,0.000000,0.000000,0
0,10800.000000,-8800.000000,0.000000,4.000000,4.000000,4.000000,0.000000,0.000000,0.000000,0
0,10400.000000,-8800.000000,0.000000,4.000000,4.000000,4.000000,0.000000,0.000000,0.000000,0
0,10000.000000,-8800.000000,0.000000,4.000000,4.000000,4.000000,0.000000,0.000000,0.000000,0
0,10000.000000,-8800.000000,400.000000,4.000000,4.000000,4.000000,0.000000,0.000000,0.000000,0
0,12000.000000,-8800.000000,0.000000,4.000000,4.000000,4.000000,0.000000,0.000000,0.000000,0
0,12000.000000,-8000.000000,400.000000,4.000000,4.000000,4.000000,0.000000,0.000000,0.000000,0
0,12000.000000,-8400.000000,400.000000,4.000000,4.000000,4.000000,0.000000,0.000000,0.000000,0
0,11600.000000,-8400.000000,400.000000,4.000000,4.000000,4.000000,0.000000,0.000000,0.000000,0
0,2000.000000,-2800.000000,0.000000,4.000000,4.000000,4.000000,0.000000,0.000000,0.000000,0
0,2000.000000,-3200.000000,0.000000,4.000000,4.000000,4.000000,0.000000,0.000000,0.000000,0
0,2000.000000,-3600.000000,0.000000,4.000000,4.000000,4.000000,0.000000,0.000000,0.000000,0
6,2400.000000,-4800.000000,0.000000,4.000000,56.000000,8.000000,0.000000,0.000000,0.000000,0
11,5600.000000,-6000.000000,0.000000,4.000000,4.000000,4.000000,0.000000,0.000000,0.000000,0
11,6000.000000,-6000.000000,0.000000,4.000000,4.000000,4.000000,0.000000,0.000000,0.000000,0
11,6400.000000,-6000.000000,0.000000,4.000000,4.000000,4.000000,0.000000,0.000000,0.000000,0
4,6000.000000,-5600.000000,0.000000,3.000000,3.000000,3.000000,0.000000,0.000000,0.000000,0
0,12400.000000,-7200.000000,800.000000,4.000000,4.000000,4.000000,0.000000,0.000000,0.000000,0
0,11600.000000,-5200.000000,0.000000,4.000000,4.000000,4.000000,0.000000,0.000000,0.000000,0
0,11200.000000,-5200.000000,0.000000,4.000000,4.000000,4.000000,0.000000,0.000000,0.000000,0
0,10800.000000,-5200.000000,0.000000,4.000000,4.000000,4.000000,0.000000,0.000000,0.000000,0
0,10400.000000,-5200.000000,0.000000,4.000000,4.000000,4.000000,0.000000,0.000000,0.000000,0
0,10400.000000,-5200.000000,400.000000,4.000000,4.000000,4.000000,0.000000,0.000000,0.000000,0
0,10800.000000,-5200.000000,400.000000,4.000000,4.000000,4.000000,0.000000,0.000000,0.000000,0
0,11200.000000,-5200.000000,400.000000,4.000000,4.000000,4.000000,0.000000,0.000000,0.000000,0
0,11600.000000,-5200.000000,400.000000,4.000000,4.000000,4.000000,0.000000,0.000000,0.000000,0
0,9600.000000,-8800.000000,400.000000,4.000000,4.000000,4.000000,0.000000,0.000000,0.000000,0
0,9200.000000,-8800.000000,400.000000,4.000000,4.000000,4.000000,0.000000,0.000000,0.000000,0
0,8800.000000,-8800.000000,400.000000,4.000000,4.000000,4.000000,0.000000,0.000000,0.000000,0
0,8400.000000,-8800.000000,400.000000,4.000000,4.000000,4.000000,0.000000,0.000000,0.000000,0
0,8000.000000,-8800.000000,400.000000,4.000000,4.000000,4.000000,0.000000,0.000000,0.000000,0
0,8000.000000,-8800.000000,0.000000,4.000000,4.000000,4.000000,0.000000,0.000000,0.000000,0
0,8400.000000,-8800.000000,0.000000,4.000000,4.000000,4.000000,0.000000,0.000000,0.000000,0
0,8800.000000,-8800.000000,0.000000,4.000000,4.000000,4.000000,0.000000,0.000000,0.000000,0
0,9200.000000,-8800.000000,0.000000,4.000000,4.000000,4.000000,0.000000,0.000000,0.000000,0
0,9600.000000,-8800.000000,0.000000,4.000000,4.000000,4.000000,0.000000,0.000000,0.000000,0
0,12000.000000,-7200.000000,0.000000,4.000000,4.000000,4.000000,0.000000,0.000000,0.000000,0
0,11600.000000,-7200.000000,0.000000,4.000000,4.000000,4.000000,0.000000,0.000000,0.000000,0
0,11200.000000,-7200.000000,800.000000,4.000000,4.000000,4.000000,0.000000,0.000000,0.000000,0
0,11600.000000,-7200.000000,800.000000,4.000000,4.000000,4.000000,0.000000,0.000000,0.000000,0
0,12000.000000,-7200.000000,800.000000,4.000000,4.000000,4.000000,0.000000,0.000000,0.000000,0
0,12000.000000,-7200.000000,400.000000,4.000000,4.000000,4.000000,0.000000,0.000000,0.000000,0
0,11600.000000,-7200.000000,400.000000,4.000000,4.000000,4.000000,0.000000,0.000000,0.000000,0
0,13600.000000,-6800.000000,800.000000,4.000000,4.000000,4.000000,0.000000,0.000000,0.000000,0
0,13200.000000,-6800.000000,800.000000,4.000000,4.000000,4.000000,0.000000,0.000000,0.000000,0
0,12800.000000,-6800.000000,800.000000,4.000000,4.000000,4.000000,0.000000,0.000000,0.000000,0
0,12400.000000,-6400.000000,800.000000,4.000000,4.000000,4.000000,0.000000,0.000000,0.000000,0
0,12800.000000,-6400.000000,800.000000,4.000000,4.000000,4.000000,0.000000,0.000000,0.000000,0
0,13200.000000,-6400.000000,800.000000,4.000000,4.000000,4.000000,0.000000,0.000000,0.000000,0
0,13600.000000,-6400.000000,800.000000,4.000000,4.000000,4.000000,0.000000,0.000000,0.000000,0
0,13600.000000,-6000.000000,800.000000,4.000000,4.000000,4.000000,0.000000,0.000000,0.000000,0
0,13200.000000,-6000.000000,800.000000,4.000000,4.000000,4.000000,0.000000,0.000000,0.000000,0
0,12800.000000,-6000.000000,800.000000,4.000000,4.000000,4.000000,0.000000,0.000000,0.000000,0
0,12400.000000,-6000.000000,800.000000,4.000000,4.000000,4.000000,0.000000,0.000000,0.000000,0
0,12400.000000,-5600.000000,800.000000,4.000000,4.000000,4.000000,0.000000,0.000000,0.000000,0
0,12800.000000,-5600.000000,800.000000,4.000000,4.000000,4.000000,0.000000,0.000000,0.000000,0
0,13200.000000,-5600.000000,800.000000,4.000000,4.000000,4.000000,0.000000,0.000000,0.000000,0
0,13600.000000,-5600.000000,800.000000,4.000000,4.000000,4.000000,0.000000,0.000000,0.000000,0
0,12000.000000,-6800.000000,800.000000,4.000000,4.000000,4.000000,0.000000,0.000000,0.000000,0
0,11600.000000,-6800.000000,800.000000,4.000000,4.000000,4.000000,0.000000,0.000000,0.000000,0
0,11200.000000,-6800.000000,800.000000,4.000000,4.000000,4.000000,0.000000,0.000000,0.000000,0
0,10800.000000,-6800.000000,800.000000,4.000000,4.000000,4.000000,0.000000,0.000000,0.000000,0
0,10400.000000,-6800.000000,800.000000,4.000000,4.000000,4.000000,0.000000,0.000000,0.000000,0
0,10400.000000,-6400.000000,800.000000,4.000000,4.000000,4.000000,0.000000,0.000000,0.000000,0
0,10800.000000,-6400.000000,800.000000,4.000000,4.000000,4.000000,0.000000,0.000000,0.000000,0
0,11200.000000,-6400.000000,800.000000,4.000000,4.000000,4.000000,0.000000,0.000000,0.000000,0
0,11600.000000,-6400.000000,800.000000,4.000000,4.000000,4.000000,0.000000,0.000000,0.000000,0
0,11600.000000,-6000.000000,800.000000,4.000000,4.000000,4.000000,0.000000,0.000000,0.000000,0
0,12000.000000,-6000.000000,800.000000,4.000000,4.000000,4.000000,0.000000,0.000000,0.000000,0
0,12000.000000,-6400.000000,800.000000,4.000000,4.000000,4.000000,0.000000,0.000000,0.000000,0
0,11200.000000,-6000.000000,800.000000,4.000000,4.000000,4.000000,0.000000,0.000000,0.000000,0
0,12000.000000,-5600.000000,800.000000,4.000000,4.000000,4.000000,0.000000,0.000000,0.000000,0
0,11600.000000,-5600.000000,800.000000,4.000000,4.000000,4.000000,0.000000,0.000000,0.000000,0
0,11200.000000,-5600.000000,800.000000,4.000000,4.000000,4.000000,0.000000,0.000000,0.000000,0
0,10800.000000,-5600.000000,800.000000,4.000000,4.000000,4.000000,0.000000,0.000000,0.000000,0
0,10400.000000,-5600.000000,800.000000,4.000000,4.000000,4.000000,0.000000,0.000000,0.000000,0
0,10800.000000,-6000.000000,800.000000,4.000000,4.000000,4.000000,0.000000,0.000000,0.000000,0
0,10400.000000,-6000.000000,800.000000,4.000000,4.000000,4.000000,0.000000,0.000000,0.000000,0
15,12000.000000,-5600.000000,0.000000,4.000000,4.000000,4.000000,0.000000,0.000000,0.000000,0
15,12000.000000,-6000.000000,0.000000,4.000000,4.000000,4.000000,0.000000,0.000000,0.000000,0
15,12000.000000,-6400.000000,0.000000,4.000000,4.000000,4.000000,0.000000,0.000000,0.000000,0
15,12000.000000,-6800.000000,0.000000,4.000000,4.000000,4.000000,0.000000,0.000000,0.000000,0
15,11600.000000,-6800.000000,0.000000,4.000000,4.000000,4.000000,0.000000,0.000000,0.000000,0
15,11200.000000,-6800.000000,0.000000,4.000000,4.000000,4.000000,0.000000,0.000000,0.000000,0
15,10800.000000,-6800.000000,0.000000,4.000000,4.000000,4.000000,0.000000,0.000000,0.000000,0
15,10400.000000,-6800.000000,0.000000,4.000000,4.000000,4.000000,0.000000,0.000000,0.000000,0
15,10400.000000,-6400.000000,0.000000,4.000000,4.000000,4.000000,0.000000,0.000000,0.000000,0
15,10400.000000,-6000.000000,0.000000,4.000000,4.000000,4.000000,0.000000,0.000000,0.000000,0
15,10400.000000,-5600.000000,0.000000,4.000000,4.000000,4.000000,0.000000,0.000000,0.000000,0
15,10800.000000,-5600.000000,0.000000,4.000000,4.000000,4.000000,0.000000,0.000000,0.000000,0
15,11200.000000,-5600.000000,0.000000,4.000000,4.000000,4.000000,0.000000,0.000000,0.000000,0
15,11600.000000,-5600.000000,0.000000,4.000000,4.000000,4.000000,0.000000,0.000000,0.000000,0
15,11600.000000,-6000.000000,0.000000,4.000000,4.000000,4.000000,0.000000,0.000000,0.000000,0
15,11200.000000,-6000.000000,0.000000,4.000000,4.000000,4.000000,0.000000,0.000000,0.000000,0
15,10800.000000,-6000.000000,0.000000,4.000000,4.000000,4.000000,0.000000,0.000000,0.000000,0
15,11200.000000,-6400.000000,0.000000,4.000000,4.000000,4.000000,0.000000,0.000000,0.000000,0
15,11600.000000,-6400.000000,0.000000,4.000000,4.000000,4.000000,0.000000,0.000000,0.000000,0
15,10800.000000,-6400.000000,0.000000,4.000000,4.000000,4.000000,0.000000,0.000000,0.000000,0
0,12000.000000,-7600.000000,0.000000,4.000000,4.000000,4.000000,0.000000,0.000000,0.000000,0
0,11600.000000,-7600.000000,0.000000,4.000000,4.000000,4.000000,0.000000,0.000000,0.000000,0
0,11600.000000,-8000.000000,0.000000,4.000000,4.000000,4.000000,0.000000,0.000000,0.000000,0
0,10000.000000,-8000.000000,800.000000,4.000000,4.000000,4.000000,0.000000,0.000000,0.000000,0
0,10000.000000,-7600.000000,800.000000,4.000000,4.000000,4.000000,0.000000,0.000000,0.000000,0
0,10000.000000,-7200.000000,800.000000,4.000000,4.000000,4.000000,0.000000,0.000000,0.000000,0
0,10000.000000,-6800.000000,800.000000,4.000000,4.000000,4.000000,0.000000,0.000000,0.000000,0
0,10400.000000,-8000.000000,800.000000,4.000000,4.000000,4.000000,0.000000,0.000000,0.000000,0
0,10800.000000,-8000.000000,800.000000,4.000000,4.000000,4.000000,0.000000,0.000000,0.000000,0
0,10800.000000,-7600.000000,800.000000,4.000000,4.000000,4.000000,0.000000,0.000000,0.000000,0
0,10400.000000,-7600.000000,800.000000,4.000000,4.000000,4.000000,0.000000,0.000000,0.000000,0
0,10400.000000,-7200.000000,800.000000,4.000000,4.000000,4.000000,0.000000,0.000000,0.000000,0
0,10800.000000,-7200.000000,800.000000,4.000000,4.000000,4.000000,0.000000,0.000000,0.000000,0
0,11200.000000,-7600.000000,800.000000,4.000000,4.000000,4.000000,0.000000,0.000000,0.000000,0
0,11600.000000,-7600.000000,800.000000,4.000000,4.000000,4.000000,0.000000,0.000000,0.000000,0
0,11600.000000,-7600.000000,400.000000,4.000000,4.000000,4.000000,0.000000,0.000000,0.000000,0
0,11600.000000,-8000.000000,400.000000,4.000000,4.000000,4.000000,0.000000,0.000000,0.000000,0
15,11200.000000,-7600.000000,0.000000,4.000000,4.000000,4.000000,0.000000,0.000000,0.000000,0
15,11200.000000,-8400.000000,0.000000,4.000000,4.000000,4.000000,0.000000,0.000000,0.000000,0
15,10800.000000,-8400.000000,0.000000,4.000000,4.000000,4.000000,0.000000,0.000000,0.000000,0
15,10800.000000,-7600.000000,0.000000,4.000000,4.000000,4.000000,0.000000,0.000000,0.000000,0
15,10400.000000,-7600.000000,0.000000,4.000000,4.000000,4.000000,0.000000,0.000000,0.000000,0
15,10400.000000,-8400.000000,0.000000,4.000000,4.000000,4.000000,0.000000,0.000000,0.000000,0
15,9600.000000,-7200.000000,0.000000,4.000000,4.000000,4.000000,0.000000,0.000000,0.000000,0
15,8400.000000,-7200.000000,0.000000,4.000000,4.000000,4.000000,0.000000,0.000000,0.000000,0
15,8000.000000,-7200.000000,0.000000,4.000000,4.000000,4.000000,0.000000,0.000000,0.000000,0
15,7600.000000,-7200.000000,0.000000,4.000000,4.000000,4.000000,0.000000,0.000000,0.000000,0
15,7200.000000,-7200.000000,0.000000,4.000000,4.000000,4.000000,0.000000,0.000000,0.000000,0
15,7200.000000,-7600.000000,0.000000,4.000000,4.000000,4.000000,0.000000,0.000000,0.000000,0
15,9600.000000,-7600.000000,0.000000,4.000000,4.000000,4.000000,0.000000,0.000000,0.000000,0
15,9600.000000,-8000.000000,0.000000,4.000000,4.000000,4.000000,0.000000,0.000000,0.000000,0
15,7200.000000,-8000.000000,0.000000,4.000000,4.000000,4.000000,0.000000,0.000000,0.000000,0
15,7200.000000,-8400.000000,0.000000,4.000000,4.000000,4.000000,0.000000,0.000000,0.000000,0
15,8400.000000,-8400.000000,0.000000,4.000000,4.000000,4.000000,0.000000,0.000000,0.000000,0
15,8800.000000,-8400.000000,0.000000,4.000000,4.000000,4.000000,0.000000,0.000000,0.000000,0
15,9200.000000,-8400.000000,0.000000,4.000000,4.000000,4.000000,0.000000,0.000000,0.000000,0
15,9600.000000,-8400.000000,0.000000,4.000000,4.000000,4.000000,0.000000,0.000000,0.000000,0
0,10000.000000,-6800.000000,400.000000,4.000000,4.000000,4.000000,0.000000,0.000000,0.000000,0
0,9600.000000,-6800.000000,400.000000,4.000000,4.000000,4.000000,0.000000,0.000000,0.000000,0
0,9200.000000,-6800.000000,400.000000,4.000000,4.000000,4.000000,0.000000,0.000000,0.000000,0
0,8800.000000,-6800.000000,400.000000,4.000000,4.000000,4.000000,0.000000,0.000000,0.000000,0
0,8400.000000,-6800.000000,0.000000,4.000000,4.000000,4.000000,0.000000,0.000000,0.000000,0
0,8800.000000,-6800.000000,0.000000,4.000000,4.000000,4.000000,0.000000,0.000000,0.000000,0
0,9200.000000,-6800.000000,0.000000,4.000000,4.000000,4.000000,0.000000,0.000000,0.000000,0
0,9600.000000,-6800.000000,0.000000,4.000000,4.000000,4.000000,0.000000,0.000000,0.000000,0
0,10000.000000,-6800.000000,0.000000,4.000000,4.000000,4.000000,0.000000,0.000000,0.000000,0
4,11200.000000,-7200.000000,0.000000,3.000000,3.000000,3.000000,0.000000,0.000000,0.000000,0
4,10800.000000,-7200.000000,0.000000,3.000000,3.000000,3.000000,0.000000,0.000000,0.000000,0
4,10400.000000,-7200.000000,0.000000,3.000000,3.000000,3.000000,0.000000,0.000000,0.000000,0
4,11200.000000,-8000.000000,0.000000,3.000000,3.000000,3.000000,0.000000,0.000000,0.000000,0
4,10800.000000,-8000.000000,0.000000,3.000000,3.000000,3.000000,0.000000,0.000000,0.000000,0
4,10400.000000,-8000.000000,0.000000,3.000000,3.000000,3.000000,0.000000,0.000000,0.000000,0
15,9200.000000,-7600.000000,0.000000,4.000000,4.000000,4.000000,0.000000,0.000000,0.000000,0
15,8400.000000,-7600.000000,0.000000,4.000000,4.000000,4.000000,0.000000,0.000000,0.000000,0
15,7600.000000,-7600.000000,0.000000,4.000000,4.000000,4.000000,0.000000,0.000000,0.000000,0
15,8000.000000,-8000.000000,0.000000,4.000000,4.000000,4.000000,0.000000,0.000000,0.000000,0
15,8800.000000,-8000.000000,0.000000,4.000000,4.000000,4.000000,0.000000,0.000000,0.000000,0
23,4800.000000,-8400.000000,400.000000,4.000000,4.000000,4.000000,0.000000,0.000000,0.000000,0
23,4800.000000,-8000.000000,400.000000,4.000000,4.000000,4.000000,0.000000,0.000000,0.000000,0
23,4800.000000,-7600.000000,400.000000,4.000000,4.000000,4.000000,0.000000,0.000000,0.000000,0
24,6400.000000,-8400.000000,400.000000,4.000000,4.000000,4.000000,0.000000,0.000000,3.141593,0
24,6400.000000,-8000.000000,400.000000,4.000000,4.000000,4.000000,0.000000,0.000000,3.141593,0
24,6400.000000,-7600.000000,400.000000,4.000000,4.000000,4.000000,0.000000,0.000000,3.141593,0
24,6000.000000,-7200.000000,400.000000,4.000000,4.000000,4.000000,0.000000,0.000000,-1.570796,0
24,5600.000000,-7200.000000,400.000000,4.000000,4.000000,4.000000,0.000000,0.000000,-1.570796,0
24,5200.000000,-7200.000000,400.000000,4.000000,4.000000,4.000000,0.000000,0.000000,-1.570796,0
15,9200.000000,-8000.000000,0.000000,4.000000,4.000000,4.000000,0.000000,0.000000,0.000000,0
15,8800.000000,-7600.000000,0.000000,4.000000,4.000000,4.000000,0.000000,0.000000,0.000000,0
15,8400.000000,-8000.000000,0.000000,4.000000,4.000000,4.000000,0.000000,0.000000,0.000000,0
15,8000.000000,-7600.000000,0.000000,4.000000,4.000000,4.000000,0.000000,0.000000,0.000000,0
15,7600.000000,-8000.000000,0.000000,4.000000,4.000000,4.000000,0.000000,0.000000,0.000000,0
7,9200.000000,-7200.000000,0.000000,4.000000,4.000000,4.000000,0.000000,0.000000,3.141593,0
7,8800.000000,-7200.000000,0.000000,4.000000,4.000000,4.000000,0.000000,0.000000,3.141593,0
7,8000.000000,-8400.000000,0.000000,4.000000,4.000000,4.000000,0.000000,0.000000,0.000000,0
7,7600.000000,-8400.000000,0.000000,4.000000,4.000000,4.000000,0.000000,0.000000,0.000000,0
